{"max": [6.21791, 3.43933, 8.78404], "centroid": [2.5111956220839784, 1.44640046423016, 3.5811423460342264], "id": "dc3e5c0457defe87a52821bf1aa3b19a", "numVertices": 1286, "min": [0.0, 0.021196, 0.0]}
