{"max": [0.0, 8.09582, 20.1338], "centroid": [-8.484910916951078, 3.6618590754645424, 6.93804035949943], "id": "3b0a1a20ef0ce1a34c90f2ddc14dc59b", "numVertices": 2637, "min": [-15.216, 0.0, 0.0]}
