{"max": [0.8763, 1.12704, 1.12395], "centroid": [-0.24764995129943504, 0.5041481841807908, -0.31883364971751427], "id": "7cf439aa8382299047765668cf4023ed", "numVertices": 177, "min": [-1.3716, 0.0, -1.9894]}
