{"max": [0.0, 0.102874, 0.255843], "centroid": [-0.09166557744107762, 0.06340968265993277, 0.10595873484848477], "id": "30be60f95e2a3b47a6e67635b9d1cee5", "numVertices": 1188, "min": [-0.192442, 0.0, 0.0]}
