{"max": [0.0, 0.046216, 0.114937], "centroid": [-0.046866477662337716, 0.020390740368281212, 0.03976834204507258], "id": "1eccbbbf1503c888f691355a196da5f", "numVertices": 2618, "min": [-0.086863, 0.0, 0.0]}
