{"max": [-0.896276, 1.84135, -1.92152], "centroid": [-2.7185063557814555, 1.1592313839172401, -4.046399978217479], "id": "3dec0d851cba045fbf444790f25ea3db", "numVertices": 5509, "min": [-4.51238, -0.004951, -7.1317]}
