{"max": [-2.66178, 1.77419, 1.6475], "centroid": [-4.494038313777437, 1.0854471316077452, -0.4275009792269119], "id": "9c225cd8f50b7c353d9199581d0f4b4", "numVertices": 5284, "min": [-6.27669, -0.067158, -3.48619]}
