{"max": [2.73643, 5.60695, 5.44864], "centroid": [-1.4714266662621018, 4.101556878631373, 0.6682052290510011], "id": "357c2a333ffefc3e90f80ab08ae6ce2", "numVertices": 1549, "min": [-5.81595, 0.0, -7.36695]}
