{"max": [0.00452626, 0.114135, 0.370412], "centroid": [-0.0605008692462552, 0.03162117842404492, 0.10362446657854875], "id": "8338e10954ae6c5296b84415a3f1393b", "numVertices": 4272, "min": [-0.145277, -0.0258736, -0.0907963]}
