{"max": [0.0, 0.102874, 0.255843], "centroid": [-0.10425394838218532, 0.04571621598949408, 0.08891128828625795], "id": "6cfb76b40fc41da2a6e67635b9d1cee5", "numVertices": 2627, "min": [-0.193352, -1.8999e-06, 0.0]}
